Geography,Deaths_1999,Death_Rate_1999,Age_Adjusted_Death_Rate_1999,Pct_Deathsby_Cause_1999,Deaths_2000,Death_Rate_2000,Age_Adjusted_Death_Rate_2000,Pct_Deathsby_Cause_2000,Deaths_2001,Death_Rate_2001,Age_Adjusted_Death_Rate_2001,Pct_Deathsby_Cause_2001,Deaths_2002,Death_Rate_2002,Age_Adjusted_Death_Rate_2002,Pct_Deathsby_Cause_2002,Deaths_2003,Death_Rate_2003,Age_Adjusted_Death_Rate_2003,Pct_Deathsby_Cause_2003,Deaths_2004,Death_Rate_2004,Age_Adjusted_Death_Rate_2004,Pct_Deathsby_Cause_2004,Deaths_2005,Death_Rate_2005,Age_Adjusted_Death_Rate_2005,Pct_Deathsby_Cause_2005,Deaths_2006,Death_Rate_2006,Age_Adjusted_Death_Rate_2006,Pct_Deathsby_Cause_2006,Deaths_2007,Death_Rate_2007,Age_Adjusted_Death_Rate_2007,Pct_Deathsby_Cause_2007,Deaths_2008,Death_Rate_2008,Age_Adjusted_Death_Rate_2008,Pct_Deathsby_Cause_2008,Deaths_2009,Death_Rate_2009,Age_Adjusted_Death_Rate_2009,Pct_Deathsby_Cause_2009,Deaths_2010,Death_Rate_2010,Age_Adjusted_Death_Rate_2010,Pct_Deathsby_Cause_2010,Deaths_2011,Death_Rate_2011,Age_Adjusted_Death_Rate_2011,Pct_Deathsby_Cause_2011,Deaths_2012,Death_Rate_2012,Age_Adjusted_Death_Rate_2012,Pct_Deathsby_Cause_2012,Deaths_2013,Death_Rate_2013,Age_Adjusted_Death_Rate_2013,Pct_Deathsby_Cause_2013,Deaths_2014,Death_Rate_2014,Age_Adjusted_Death_Rate_2014,Pct_Deathsby_Cause_2014,Deaths_2015,Death_Rate_2015,Age_Adjusted_Death_Rate_2015,Pct_Deathsby_Cause_2015,Deaths_2016,Death_Rate_2016,Age_Adjusted_Death_Rate_2016,Pct_Deathsby_Cause_2016,Deaths_2017,Death_Rate_2017,Age_Adjusted_Death_Rate_2017,Pct_Deathsby_Cause_2017,Deaths_Selected_Years_Total,Death_Rate_Selected_Years_Total,Age_Adjusted_Death_Rate_Selected_Years_Total,Pct_Deathsby_Cause_Selected_Years_Total
Georgia,274,3.4,3.4,0.4,383,4.7,4.6,0.6,492,5.9,5.8,0.8,557,6.5,6.5,0.9,582,6.7,6.7,0.9,648,7.4,7.3,1,622,7,6.9,1,705,7.7,7.6,1.1,819,8.8,8.6,1.2,908,9.6,9.4,1.3,962,10,9.9,1.4,"1,014",10.4,10.3,1.5,"1,030",10.5,10.4,1.5,986,9.9,9.9,1.4,"1,067",10.7,10.5,1.4,"1,158",11.5,11.4,1.5,"1,255",12.3,12.2,1.6,"1,371",13.3,13.1,1.7,"1,529",14.7,14.6,1.8,"16,362",9.2,9.1,1.2
Appling,2,*,*,*,1,*,*,*,1,*,*,*,1,*,*,*,1,*,*,*,0,0,0,0,1,*,*,*,0,0,0,0,1,*,*,*,2,*,*,*,0,0,0,0,2,*,*,*,3,*,*,*,1,*,*,*,0,0,0,0,3,*,*,*,2,*,*,*,3,*,*,*,1,*,*,*,25,7.3,7.5,0.7
Atkinson,1,*,*,*,0,0,0,0,0,0,0,0,0,0,0,0,0,0,0,0,0,0,0,0,1,*,*,*,0,0,0,0,0,0,0,0,0,0,0,0,1,*,*,*,1,*,*,*,1,*,*,*,4,*,*,*,1,*,*,*,1,*,*,*,0,0,0,0,1,*,*,*,4,*,*,*,16,10.4,10.9,1.2
Bacon,0,0,0,0,0,0,0,0,1,*,*,*,2,*,*,*,2,*,*,*,0,0,0,0,0,0,0,0,1,*,*,*,3,*,*,*,2,*,*,*,0,0,0,0,2,*,*,*,2,*,*,*,0,0,0,0,3,*,*,*,2,*,*,*,0,0,0,0,0,0,0,0,1,*,*,*,21,10.2,10.8,0.9
Baker,0,0,0,0,0,0,0,0,0,0,0,0,0,0,0,0,0,0,0,0,0,0,0,0,0,0,0,0,0,0,0,0,0,0,0,0,0,0,0,0,0,0,0,0,0,0,0,0,0,0,0,0,0,0,0,0,0,0,0,0,0,0,0,0,1,*,*,*,0,0,0,0,0,0,0,0,1,*,*,*
Banks,0,0,0,0,3,*,*,*,0,0,0,0,1,*,*,*,3,*,*,*,1,*,*,*,1,*,*,*,1,*,*,*,3,*,*,*,3,*,*,*,3,*,*,*,1,*,*,*,6,32.9,38,4.2,5,27.3,24.9,3,0,0,0,0,2,*,*,*,3,*,*,*,3,*,*,*,5,26.8,26.2,2.7,44,13.5,13.9,1.6
Ben_Hill,0,0,0,0,1,*,*,*,0,0,0,0,0,0,0,0,1,*,*,*,0,0,0,0,0,0,0,0,0,0,0,0,1,*,*,*,0,0,0,0,0,0,0,0,1,*,*,*,0,0,0,0,1,*,*,*,3,*,*,*,1,*,*,*,1,*,*,*,1,*,*,*,2,*,*,*,13,3.9,3.7,0.3
Berrien,0,0,0,0,1,*,*,*,0,0,0,0,0,0,0,0,0,0,0,0,0,0,0,0,1,*,*,*,2,*,*,*,1,*,*,*,1,*,*,*,1,*,*,*,2,*,*,*,0,0,0,0,1,*,*,*,3,*,*,*,0,0,0,0,0,0,0,0,1,*,*,*,1,*,*,*,15,4.4,4.6,0.4
Bleckley,0,0,0,0,0,0,0,0,0,0,0,0,4,*,*,*,3,*,*,*,0,0,0,0,3,*,*,*,0,0,0,0,0,0,0,0,1,*,*,*,0,0,0,0,0,0,0,0,0,0,0,0,0,0,0,0,1,*,*,*,1,*,*,*,3,*,*,*,1,*,*,*,2,*,*,*,19,8,8.8,0.8
Brantley,0,0,0,0,0,0,0,0,2,*,*,*,1,*,*,*,1,*,*,*,4,*,*,*,4,*,*,*,2,*,*,*,4,*,*,*,1,*,*,*,6,33.1,35.8,3.5,2,*,*,*,6,32.7,39.2,3.4,3,*,*,*,1,*,*,*,2,*,*,*,5,27.1,30.5,2.7,6,32.7,34.1,3,5,26.7,24.1,2.3,55,16.9,17.6,1.8
Brooks,0,0,0,0,0,0,0,0,0,0,0,0,0,0,0,0,1,*,*,*,0,0,0,0,0,0,0,0,0,0,0,0,1,*,*,*,1,*,*,*,0,0,0,0,1,*,*,*,2,*,*,*,0,0,0,0,1,*,*,*,1,*,*,*,1,*,*,*,1,*,*,*,0,0,0,0,10,3.3,3.6,0.3
Bryan,0,0,0,0,1,*,*,*,0,0,0,0,3,*,*,*,2,*,*,*,1,*,*,*,0,0,0,0,0,0,0,0,1,*,*,*,3,*,*,*,3,*,*,*,1,*,*,*,0,0,0,0,1,*,*,*,2,*,*,*,1,*,*,*,4,*,*,*,0,0,0,0,5,13.5,13.1,1.8,28,5,5,0.7
Burke,1,*,*,*,1,*,*,*,0,0,0,0,2,*,*,*,1,*,*,*,1,*,*,*,0,0,0,0,2,*,*,*,2,*,*,*,3,*,*,*,1,*,*,*,1,*,*,*,1,*,*,*,1,*,*,*,3,*,*,*,0,0,0,0,3,*,*,*,4,*,*,*,4,*,*,*,31,7.1,7.6,0.7
Butts,1,*,*,*,1,*,*,*,1,*,*,*,0,0,0,0,2,*,*,*,1,*,*,*,4,*,*,*,0,0,0,0,6,25.9,22.8,2.7,5,21,20.6,2.1,3,*,*,*,4,*,*,*,3,*,*,*,7,29.8,25.9,2.8,2,*,*,*,3,*,*,*,6,25.4,24.3,2.6,4,*,*,*,5,20.8,21.9,2,58,13.6,12.9,1.4
Calhoun,0,0,0,0,0,0,0,0,0,0,0,0,0,0,0,0,0,0,0,0,0,0,0,0,0,0,0,0,0,0,0,0,0,0,0,0,0,0,0,0,0,0,0,0,0,0,0,0,0,0,0,0,1,*,*,*,0,0,0,0,0,0,0,0,1,*,*,*,1,*,*,*,0,0,0,0,3,*,*,*
Candler,0,0,0,0,0,0,0,0,2,*,*,*,0,0,0,0,2,*,*,*,2,*,*,*,0,0,0,0,2,*,*,*,1,*,*,*,0,0,0,0,1,*,*,*,0,0,0,0,0,0,0,0,0,0,0,0,0,0,0,0,1,*,*,*,0,0,0,0,1,*,*,*,1,*,*,*,13,6.5,7.3,0.5
Charlton,0,0,0,0,1,*,*,*,0,0,0,0,1,*,*,*,0,0,0,0,1,*,*,*,1,*,*,*,1,*,*,*,0,0,0,0,0,0,0,0,0,0,0,0,0,0,0,0,0,0,0,0,1,*,*,*,3,*,*,*,0,0,0,0,2,*,*,*,1,*,*,*,7,55.1,49.5,6.5,19,8.3,7.6,1.1
Chattahoochee,0,0,0,0,0,0,0,0,0,0,0,0,0,0,0,0,0,0,0,0,0,0,0,0,0,0,0,0,2,*,*,*,1,*,*,*,0,0,0,0,1,*,*,*,0,0,0,0,1,*,*,*,1,*,*,*,1,*,*,*,2,*,*,*,0,0,0,0,0,0,0,0,1,*,*,*,10,4,8,1.5
Chattooga,0,0,0,0,3,*,*,*,3,*,*,*,5,19.5,19.3,1.8,4,*,*,*,1,*,*,*,2,*,*,*,3,*,*,*,4,*,*,*,7,26.8,25.5,2.3,5,19.3,18.1,1.8,5,19.2,17.3,1.8,3,*,*,*,6,23.3,22,1.9,3,*,*,*,3,*,*,*,4,*,*,*,7,28.2,29.7,2.2,6,24.2,22.8,1.9,74,15.3,14.8,1.3
Clay,0,0,0,0,0,0,0,0,0,0,0,0,0,0,0,0,0,0,0,0,0,0,0,0,0,0,0,0,0,0,0,0,1,*,*,*,0,0,0,0,0,0,0,0,0,0,0,0,0,0,0,0,0,0,0,0,1,*,*,*,0,0,0,0,0,0,0,0,1,*,*,*,0,0,0,0,3,*,*,*
Clinch,1,*,*,*,1,*,*,*,1,*,*,*,0,0,0,0,0,0,0,0,1,*,*,*,0,0,0,0,0,0,0,0,1,*,*,*,1,*,*,*,0,0,0,0,0,0,0,0,1,*,*,*,0,0,0,0,0,0,0,0,0,0,0,0,0,0,0,0,1,*,*,*,0,0,0,0,8,6.2,6.1,0.6
Cook,0,0,0,0,0,0,0,0,1,*,*,*,0,0,0,0,0,0,0,0,2,*,*,*,4,*,*,*,0,0,0,0,0,0,0,0,3,*,*,*,3,*,*,*,1,*,*,*,1,*,*,*,1,*,*,*,3,*,*,*,2,*,*,*,3,*,*,*,0,0,0,0,2,*,*,*,26,8.2,8.2,0.8
Crawford,0,0,0,0,1,*,*,*,1,*,*,*,0,0,0,0,1,*,*,*,2,*,*,*,1,*,*,*,2,*,*,*,2,*,*,*,1,*,*,*,1,*,*,*,3,*,*,*,6,47.7,46.9,5,2,*,*,*,1,*,*,*,1,*,*,*,0,0,0,0,3,*,*,*,3,*,*,*,31,13,12.4,1.4
Crisp,1,*,*,*,2,*,*,*,0,0,0,0,0,0,0,0,0,0,0,0,1,*,*,*,0,0,0,0,1,*,*,*,1,*,*,*,2,*,*,*,0,0,0,0,1,*,*,*,0,0,0,0,3,*,*,*,1,*,*,*,2,*,*,*,0,0,0,0,1,*,*,*,3,*,*,*,19,4.4,4.5,0.4
Dade,0,0,0,0,0,0,0,0,2,*,*,*,0,0,0,0,0,0,0,0,1,*,*,*,1,*,*,*,0,0,0,0,0,0,0,0,4,*,*,*,0,0,0,0,3,*,*,*,2,*,*,*,3,*,*,*,0,0,0,0,2,*,*,*,1,*,*,*,0,0,0,0,5,30.7,37,2.5,24,7.8,8.4,0.8
Dawson,0,0,0,0,0,0,0,0,0,0,0,0,1,*,*,*,0,0,0,0,1,*,*,*,1,*,*,*,5,24.2,22.7,3.4,3,*,*,*,2,*,*,*,3,*,*,*,4,*,*,*,2,*,*,*,5,22.3,24.4,3.1,3,*,*,*,4,*,*,*,7,30,29.8,3.3,5,21.2,23.6,2.5,6,24.6,30,2.4,52,13.2,13.3,1.8
Decatur,0,0,0,0,0,0,0,0,0,0,0,0,0,0,0,0,0,0,0,0,2,*,*,*,1,*,*,*,1,*,*,*,2,*,*,*,2,*,*,*,2,*,*,*,1,*,*,*,0,0,0,0,0,0,0,0,3,*,*,*,2,*,*,*,3,*,*,*,3,*,*,*,1,*,*,*,23,4.4,4.5,0.4
Dodge,0,0,0,0,1,*,*,*,2,*,*,*,0,0,0,0,2,*,*,*,3,*,*,*,3,*,*,*,2,*,*,*,5,23.6,24.1,1.9,5,23.4,23.4,2,2,*,*,*,2,*,*,*,2,*,*,*,4,*,*,*,1,*,*,*,0,0,0,0,3,*,*,*,3,*,*,*,3,*,*,*,43,10.9,11.1,1
Dooly,0,0,0,0,0,0,0,0,0,0,0,0,1,*,*,*,1,*,*,*,2,*,*,*,0,0,0,0,2,*,*,*,0,0,0,0,0,0,0,0,0,0,0,0,0,0,0,0,0,0,0,0,1,*,*,*,0,0,0,0,1,*,*,*,0,0,0,0,1,*,*,*,0,0,0,0,9,3.5,3.4,0.4
Early,0,0,0,0,0,0,0,0,0,0,0,0,0,0,0,0,1,*,*,*,1,*,*,*,1,*,*,*,0,0,0,0,0,0,0,0,0,0,0,0,0,0,0,0,0,0,0,0,0,0,0,0,1,*,*,*,0,0,0,0,0,0,0,0,0,0,0,0,2,*,*,*,1,*,*,*,7,3.3,3.1,0.3
Echols,0,0,0,0,0,0,0,0,0,0,0,0,0,0,0,0,0,0,0,0,0,0,0,0,0,0,0,0,1,*,*,*,0,0,0,0,0,0,0,0,0,0,0,0,0,0,0,0,0,0,0,0,0,0,0,0,1,*,*,*,0,0,0,0,1,*,*,*,0,0,0,0,1,*,*,*,4,*,*,*
Elbert,2,*,*,*,4,*,*,*,1,*,*,*,0,0,0,0,0,0,0,0,4,*,*,*,4,*,*,*,3,*,*,*,2,*,*,*,6,29.3,33.1,2.3,2,*,*,*,1,*,*,*,3,*,*,*,1,*,*,*,5,25.5,26.5,1.8,4,*,*,*,4,*,*,*,1,*,*,*,3,*,*,*,50,13.1,13.7,1.1
Emanuel,0,0,0,0,0,0,0,0,1,*,*,*,1,*,*,*,1,*,*,*,0,0,0,0,0,0,0,0,0,0,0,0,1,*,*,*,4,*,*,*,1,*,*,*,2,*,*,*,0,0,0,0,1,*,*,*,6,26.2,28.5,2.1,2,*,*,*,1,*,*,*,1,*,*,*,2,*,*,*,24,5.7,6.2,0.5
Evans,0,0,0,0,0,0,0,0,1,*,*,*,1,*,*,*,0,0,0,0,0,0,0,0,0,0,0,0,0,0,0,0,1,*,*,*,1,*,*,*,0,0,0,0,1,*,*,*,0,0,0,0,1,*,*,*,0,0,0,0,1,*,*,*,0,0,0,0,1,*,*,*,1,*,*,*,9,4.4,4.5,0.4
Fannin,1,*,*,*,0,0,0,0,2,*,*,*,6,28.5,29.9,2.4,2,*,*,*,3,*,*,*,3,*,*,*,3,*,*,*,6,25.9,27.9,2.6,5,21.4,28,1.8,7,29.6,34.7,2.9,11,46.5,61.4,3.9,1,*,*,*,2,*,*,*,9,37.9,45.2,2.6,6,25.3,30.1,2.1,5,20.6,28.1,1.6,7,28.1,19.8,2,7,27.6,28.5,2,86,19.9,22.7,1.6
Franklin,1,*,*,*,0,0,0,0,1,*,*,*,3,*,*,*,0,0,0,0,4,*,*,*,2,*,*,*,2,*,*,*,2,*,*,*,2,*,*,*,7,31.6,30.5,2.7,6,27.2,29.5,2.3,5,22.9,23.4,2.1,4,*,*,*,4,*,*,*,6,26.9,31.1,2.1,7,31.4,30.2,2.4,5,22.4,21.2,1.7,4,*,*,*,65,15.8,16.2,1.4
Gilmer,0,0,0,0,2,*,*,*,4,*,*,*,1,*,*,*,2,*,*,*,4,*,*,*,7,26.1,27.8,2.8,2,*,*,*,1,*,*,*,3,*,*,*,8,28.4,26.3,3.2,0,0,0,0,3,*,*,*,3,*,*,*,4,*,*,*,5,17.3,19.6,1.8,2,*,*,*,5,16.8,22,1.5,10,32.6,40.6,2.7,66,12.7,13.7,1.4
Glascock,0,0,0,0,0,0,0,0,0,0,0,0,0,0,0,0,0,0,0,0,0,0,0,0,0,0,0,0,0,0,0,0,1,*,*,*,2,*,*,*,1,*,*,*,0,0,0,0,1,*,*,*,0,0,0,0,0,0,0,0,0,0,0,0,0,0,0,0,0,0,0,0,0,0,0,0,5,9.1,8.7,0.7
Grady,0,0,0,0,1,*,*,*,0,0,0,0,1,*,*,*,0,0,0,0,0,0,0,0,1,*,*,*,0,0,0,0,3,*,*,*,1,*,*,*,4,*,*,*,0,0,0,0,0,0,0,0,1,*,*,*,0,0,0,0,1,*,*,*,2,*,*,*,1,*,*,*,3,*,*,*,19,4.1,4.1,0.4
Greene,0,0,0,0,1,*,*,*,0,0,0,0,0,0,0,0,0,0,0,0,0,0,0,0,1,*,*,*,0,0,0,0,1,*,*,*,1,*,*,*,0,0,0,0,2,*,*,*,2,*,*,*,1,*,*,*,3,*,*,*,1,*,*,*,2,*,*,*,1,*,*,*,2,*,*,*,18,6,6.4,0.5
Hancock,0,0,0,0,0,0,0,0,1,*,*,*,0,0,0,0,0,0,0,0,0,0,0,0,0,0,0,0,0,0,0,0,0,0,0,0,1,*,*,*,1,*,*,*,0,0,0,0,0,0,0,0,0,0,0,0,0,0,0,0,0,0,0,0,0,0,0,0,0,0,0,0,1,*,*,*,4,*,*,*
Haralson,1,*,*,*,4,*,*,*,4,*,*,*,10,37.5,38.8,3.2,2,*,*,*,1,*,*,*,6,21.4,22.7,1.9,4,*,*,*,12,42,43.4,3.4,2,*,*,*,12,41.7,37.9,3.7,13,45.2,42.4,3.6,7,24.4,25,2,8,28.2,30.6,2.4,5,17.5,18,1.6,8,27.9,24.4,2.4,10,34.7,33.3,2.7,9,31,28.4,2.3,8,27.3,27.4,2.1,126,23.7,23.5,2.1
Harris,1,*,*,*,1,*,*,*,1,*,*,*,2,*,*,*,2,*,*,*,1,*,*,*,4,*,*,*,0,0,0,0,1,*,*,*,1,*,*,*,6,19.1,20.4,2.3,2,*,*,*,1,*,*,*,3,*,*,*,6,18.4,18.1,2.3,1,*,*,*,2,*,*,*,9,26.7,26.4,3.3,1,*,*,*,45,8,7.9,1
Hart,1,*,*,*,3,*,*,*,5,21.7,24.8,1.9,1,*,*,*,0,0,0,0,3,*,*,*,5,20.5,23.3,1.9,0,0,0,0,2,*,*,*,6,23.9,24.3,2.1,2,*,*,*,3,*,*,*,4,*,*,*,4,*,*,*,4,*,*,*,2,*,*,*,2,*,*,*,1,*,*,*,0,0,0,0,48,10.3,11.2,0.9
Heard,3,*,*,*,0,0,0,0,1,*,*,*,1,*,*,*,2,*,*,*,0,0,0,0,0,0,0,0,0,0,0,0,3,*,*,*,3,*,*,*,3,*,*,*,2,*,*,*,2,*,*,*,1,*,*,*,1,*,*,*,1,*,*,*,0,0,0,0,3,*,*,*,2,*,*,*,28,12.9,12.5,1.3
Irwin,1,*,*,*,0,0,0,0,1,*,*,*,0,0,0,0,0,0,0,0,0,0,0,0,0,0,0,0,0,0,0,0,1,*,*,*,0,0,0,0,0,0,0,0,0,0,0,0,1,*,*,*,1,*,*,*,0,0,0,0,1,*,*,*,1,*,*,*,1,*,*,*,1,*,*,*,9,4.9,5.1,0.4
Jasper,0,0,0,0,1,*,*,*,2,*,*,*,2,*,*,*,0,0,0,0,1,*,*,*,0,0,0,0,0,0,0,0,2,*,*,*,2,*,*,*,0,0,0,0,1,*,*,*,3,*,*,*,1,*,*,*,3,*,*,*,2,*,*,*,1,*,*,*,1,*,*,*,4,*,*,*,26,10.5,10.6,1.1
Jeff_Davis,1,*,*,*,0,0,0,0,1,*,*,*,2,*,*,*,1,*,*,*,1,*,*,*,1,*,*,*,5,35.6,38.6,3.5,1,*,*,*,2,*,*,*,4,*,*,*,7,46.4,51.3,5.7,1,*,*,*,6,39.6,40.8,4,6,40,39.9,3.1,3,*,*,*,1,*,*,*,6,40.3,39.6,3.3,3,*,*,*,52,19.3,20.1,1.8
Jefferson,0,0,0,0,0,0,0,0,0,0,0,0,0,0,0,0,0,0,0,0,0,0,0,0,1,*,*,*,1,*,*,*,2,*,*,*,0,0,0,0,4,*,*,*,2,*,*,*,1,*,*,*,0,0,0,0,3,*,*,*,1,*,*,*,1,*,*,*,2,*,*,*,2,*,*,*,20,6.3,6.4,0.5
Jenkins,0,0,0,0,0,0,0,0,0,0,0,0,1,*,*,*,0,0,0,0,1,*,*,*,1,*,*,*,1,*,*,*,0,0,0,0,1,*,*,*,1,*,*,*,1,*,*,*,1,*,*,*,1,*,*,*,0,0,0,0,0,0,0,0,0,0,0,0,1,*,*,*,0,0,0,0,10,6.1,7.1,0.5
Johnson,0,0,0,0,0,0,0,0,1,*,*,*,0,0,0,0,0,0,0,0,2,*,*,*,1,*,*,*,0,0,0,0,0,0,0,0,0,0,0,0,0,0,0,0,1,*,*,*,1,*,*,*,0,0,0,0,0,0,0,0,2,*,*,*,1,*,*,*,0,0,0,0,1,*,*,*,10,5.5,5.9,0.5
Jones,0,0,0,0,2,*,*,*,2,*,*,*,7,28.1,25,3.4,1,*,*,*,3,*,*,*,4,*,*,*,3,*,*,*,3,*,*,*,3,*,*,*,4,*,*,*,1,*,*,*,5,17.5,17.6,1.9,2,*,*,*,5,17.5,14.4,1.9,6,20.8,18.5,2.2,3,*,*,*,3,*,*,*,5,17.6,18.2,1.8,62,12,11.8,1.3
Lamar,3,*,*,*,0,0,0,0,3,*,*,*,1,*,*,*,3,*,*,*,1,*,*,*,2,*,*,*,2,*,*,*,2,*,*,*,3,*,*,*,1,*,*,*,5,27.3,33.4,2.6,3,*,*,*,2,*,*,*,1,*,*,*,2,*,*,*,6,33,27,2.9,3,*,*,*,4,*,*,*,47,14.2,14.8,1.3
Lanier,0,0,0,0,0,0,0,0,0,0,0,0,0,0,0,0,0,0,0,0,0,0,0,0,0,0,0,0,0,0,0,0,0,0,0,0,0,0,0,0,0,0,0,0,2,*,*,*,0,0,0,0,1,*,*,*,1,*,*,*,1,*,*,*,0,0,0,0,2,*,*,*,1,*,*,*,8,4.6,4.8,0.5
Lee,0,0,0,0,2,*,*,*,0,0,0,0,2,*,*,*,2,*,*,*,2,*,*,*,2,*,*,*,1,*,*,*,3,*,*,*,2,*,*,*,3,*,*,*,2,*,*,*,0,0,0,0,4,*,*,*,4,*,*,*,2,*,*,*,3,*,*,*,2,*,*,*,5,17,17.1,1.9,41,7.9,7.8,1.3
Lincoln,0,0,0,0,0,0,0,0,0,0,0,0,1,*,*,*,1,*,*,*,0,0,0,0,0,0,0,0,1,*,*,*,2,*,*,*,1,*,*,*,1,*,*,*,1,*,*,*,2,*,*,*,1,*,*,*,0,0,0,0,0,0,0,0,1,*,*,*,2,*,*,*,2,*,*,*,16,10.4,11,0.9
Long,0,0,0,0,0,0,0,0,0,0,0,0,0,0,0,0,0,0,0,0,0,0,0,0,1,*,*,*,0,0,0,0,0,0,0,0,3,*,*,*,1,*,*,*,1,*,*,*,1,*,*,*,0,0,0,0,3,*,*,*,2,*,*,*,2,*,*,*,2,*,*,*,4,*,*,*,20,7.6,7.3,1.4
Lumpkin,0,0,0,0,1,*,*,*,1,*,*,*,2,*,*,*,0,0,0,0,0,0,0,0,3,*,*,*,0,0,0,0,4,*,*,*,2,*,*,*,7,23.6,24.1,3.4,4,*,*,*,3,*,*,*,2,*,*,*,9,29.1,27.8,3.9,2,*,*,*,3,*,*,*,8,25.4,24.2,3,11,33.5,31,3.3,62,11.8,11.9,1.5
McDuffie,1,*,*,*,1,*,*,*,0,0,0,0,0,0,0,0,1,*,*,*,1,*,*,*,1,*,*,*,2,*,*,*,2,*,*,*,2,*,*,*,2,*,*,*,3,*,*,*,0,0,0,0,3,*,*,*,2,*,*,*,1,*,*,*,0,0,0,0,1,*,*,*,3,*,*,*,26,6.4,6.4,0.6
McIntosh,0,0,0,0,0,0,0,0,0,0,0,0,0,0,0,0,0,0,0,0,0,0,0,0,2,*,*,*,2,*,*,*,1,*,*,*,0,0,0,0,2,*,*,*,1,*,*,*,1,*,*,*,1,*,*,*,0,0,0,0,2,*,*,*,2,*,*,*,4,*,*,*,1,*,*,*,19,7.6,8.2,0.9
Macon,0,0,0,0,1,*,*,*,0,0,0,0,1,*,*,*,0,0,0,0,0,0,0,0,0,0,0,0,1,*,*,*,1,*,*,*,1,*,*,*,2,*,*,*,3,*,*,*,0,0,0,0,0,0,0,0,1,*,*,*,0,0,0,0,1,*,*,*,1,*,*,*,0,0,0,0,13,4.8,5.2,0.4
Madison,0,0,0,0,2,*,*,*,6,23,22.2,2.6,6,22.6,22.9,2.5,4,*,*,*,2,*,*,*,3,*,*,*,6,21.9,21.6,2.5,1,*,*,*,5,18,18.3,1.9,5,17.9,19.4,2,4,*,*,*,6,21.5,22.5,2.2,5,17.9,20.4,1.7,7,24.9,26.1,2.3,12,42.4,36.5,3.8,3,*,*,*,4,*,*,*,7,23.9,25.7,2.7,88,16.8,16.6,1.8
Marion,0,0,0,0,0,0,0,0,0,0,0,0,0,0,0,0,0,0,0,0,0,0,0,0,0,0,0,0,0,0,0,0,2,*,*,*,0,0,0,0,0,0,0,0,1,*,*,*,0,0,0,0,0,0,0,0,1,*,*,*,1,*,*,*,0,0,0,0,1,*,*,*,0,0,0,0,6,3.9,4.2,0.4
Meriwether,1,*,*,*,0,0,0,0,0,0,0,0,2,*,*,*,0,0,0,0,2,*,*,*,0,0,0,0,2,*,*,*,5,22.2,21.1,2.1,3,*,*,*,1,*,*,*,3,*,*,*,1,*,*,*,5,23.5,29.5,1.9,2,*,*,*,4,*,*,*,5,23.6,22.6,1.8,0,0,0,0,2,*,*,*,38,9.1,9.2,0.8
Miller,0,0,0,0,0,0,0,0,0,0,0,0,0,0,0,0,0,0,0,0,0,0,0,0,0,0,0,0,1,*,*,*,0,0,0,0,1,*,*,*,1,*,*,*,1,*,*,*,0,0,0,0,1,*,*,*,0,0,0,0,1,*,*,*,0,0,0,0,0,0,0,0,0,0,0,0,6,5.2,6.2,0.4
Mitchell,0,0,0,0,1,*,*,*,0,0,0,0,2,*,*,*,0,0,0,0,2,*,*,*,1,*,*,*,0,0,0,0,3,*,*,*,1,*,*,*,1,*,*,*,2,*,*,*,1,*,*,*,0,0,0,0,3,*,*,*,2,*,*,*,4,*,*,*,0,0,0,0,3,*,*,*,26,5.9,5.6,0.6
Monroe,0,0,0,0,0,0,0,0,3,*,*,*,1,*,*,*,5,21.3,22.5,2.5,1,*,*,*,1,*,*,*,4,*,*,*,2,*,*,*,1,*,*,*,2,*,*,*,1,*,*,*,3,*,*,*,3,*,*,*,3,*,*,*,3,*,*,*,4,*,*,*,4,*,*,*,4,*,*,*,45,9.4,9.3,1
Montgomery,0,0,0,0,1,*,*,*,0,0,0,0,1,*,*,*,0,0,0,0,0,0,0,0,2,*,*,*,0,0,0,0,1,*,*,*,0,0,0,0,0,0,0,0,0,0,0,0,2,*,*,*,0,0,0,0,0,0,0,0,1,*,*,*,1,*,*,*,0,0,0,0,1,*,*,*,10,5.9,5.9,0.6
Morgan,0,0,0,0,0,0,0,0,0,0,0,0,0,0,0,0,0,0,0,0,1,*,*,*,1,*,*,*,2,*,*,*,1,*,*,*,1,*,*,*,1,*,*,*,1,*,*,*,3,*,*,*,0,0,0,0,1,*,*,*,4,*,*,*,1,*,*,*,1,*,*,*,3,*,*,*,21,6.4,6.2,0.7
Oconee,0,0,0,0,0,0,0,0,0,0,0,0,0,0,0,0,2,*,*,*,3,*,*,*,1,*,*,*,6,20.2,18.9,3.6,0,0,0,0,2,*,*,*,2,*,*,*,2,*,*,*,7,21,22.3,3.7,4,*,*,*,4,*,*,*,5,14.2,16.4,2.2,3,*,*,*,0,0,0,0,3,*,*,*,44,7.4,7.7,1.2
Oglethorpe,0,0,0,0,0,0,0,0,0,0,0,0,0,0,0,0,1,*,*,*,1,*,*,*,0,0,0,0,0,0,0,0,6,41.7,44.8,4.9,1,*,*,*,1,*,*,*,2,*,*,*,2,*,*,*,5,34.2,35.6,3.6,0,0,0,0,1,*,*,*,3,*,*,*,0,0,0,0,2,*,*,*,25,9.3,9.7,1
Peach,0,0,0,0,2,*,*,*,2,*,*,*,4,*,*,*,0,0,0,0,1,*,*,*,2,*,*,*,4,*,*,*,0,0,0,0,3,*,*,*,3,*,*,*,5,18,22.4,2.2,2,*,*,*,0,0,0,0,4,*,*,*,0,0,0,0,4,*,*,*,1,*,*,*,1,*,*,*,38,7.7,8.6,0.9
Pickens,1,*,*,*,2,*,*,*,4,*,*,*,4,*,*,*,3,*,*,*,3,*,*,*,3,*,*,*,1,*,*,*,3,*,*,*,3,*,*,*,4,*,*,*,9,30.6,26.7,2.9,2,*,*,*,4,*,*,*,3,*,*,*,6,20,18.9,1.8,3,*,*,*,5,16.2,20.2,1.4,9,28.5,31.4,2.6,72,13.5,14.2,1.4
Pierce,1,*,*,*,1,*,*,*,2,*,*,*,1,*,*,*,2,*,*,*,2,*,*,*,3,*,*,*,2,*,*,*,2,*,*,*,4,*,*,*,3,*,*,*,1,*,*,*,2,*,*,*,1,*,*,*,2,*,*,*,7,36.9,33.6,3.8,1,*,*,*,4,*,*,*,1,*,*,*,42,12.5,12.7,1.2
Pike,3,*,*,*,1,*,*,*,0,0,0,0,1,*,*,*,0,0,0,0,0,0,0,0,1,*,*,*,0,0,0,0,2,*,*,*,0,0,0,0,1,*,*,*,1,*,*,*,3,*,*,*,0,0,0,0,1,*,*,*,1,*,*,*,2,*,*,*,1,*,*,*,2,*,*,*,20,6.4,6.1,0.7
Pulaski,1,*,*,*,0,0,0,0,0,0,0,0,0,0,0,0,1,*,*,*,0,0,0,0,0,0,0,0,2,*,*,*,2,*,*,*,0,0,0,0,0,0,0,0,0,0,0,0,1,*,*,*,0,0,0,0,4,*,*,*,0,0,0,0,0,0,0,0,1,*,*,*,3,*,*,*,15,7.2,7.3,0.7
Putnam,0,0,0,0,0,0,0,0,1,*,*,*,3,*,*,*,2,*,*,*,1,*,*,*,1,*,*,*,2,*,*,*,0,0,0,0,0,0,0,0,3,*,*,*,2,*,*,*,2,*,*,*,4,*,*,*,7,32.8,33.4,2.8,1,*,*,*,2,*,*,*,1,*,*,*,2,*,*,*,34,8.7,9,0.9
Quitman,0,0,0,0,0,0,0,0,0,0,0,0,0,0,0,0,0,0,0,0,0,0,0,0,1,*,*,*,1,*,*,*,0,0,0,0,0,0,0,0,0,0,0,0,0,0,0,0,0,0,0,0,0,0,0,0,0,0,0,0,0,0,0,0,1,*,*,*,0,0,0,0,0,0,0,0,3,*,*,*
Rabun,1,*,*,*,1,*,*,*,1,*,*,*,4,*,*,*,2,*,*,*,4,*,*,*,0,0,0,0,1,*,*,*,4,*,*,*,2,*,*,*,6,36.8,47.1,2.9,2,*,*,*,4,*,*,*,1,*,*,*,3,*,*,*,5,30.8,29.9,2.4,3,*,*,*,2,*,*,*,6,36.1,41.6,2.8,52,17.1,18.1,1.5
Randolph,0,0,0,0,0,0,0,0,0,0,0,0,0,0,0,0,0,0,0,0,0,0,0,0,0,0,0,0,0,0,0,0,0,0,0,0,0,0,0,0,0,0,0,0,0,0,0,0,0,0,0,0,0,0,0,0,0,0,0,0,0,0,0,0,0,0,0,0,0,0,0,0,1,*,*,*,1,*,*,*
Schley,0,0,0,0,0,0,0,0,0,0,0,0,0,0,0,0,1,*,*,*,0,0,0,0,0,0,0,0,0,0,0,0,0,0,0,0,0,0,0,0,0,0,0,0,0,0,0,0,0,0,0,0,1,*,*,*,0,0,0,0,0,0,0,0,0,0,0,0,0,0,0,0,0,0,0,0,2,*,*,*
Screven,0,0,0,0,1,*,*,*,0,0,0,0,0,0,0,0,1,*,*,*,0,0,0,0,0,0,0,0,2,*,*,*,3,*,*,*,0,0,0,0,0,0,0,0,3,*,*,*,0,0,0,0,0,0,0,0,0,0,0,0,1,*,*,*,1,*,*,*,1,*,*,*,1,*,*,*,14,5,5.4,0.4
Seminole,0,0,0,0,0,0,0,0,0,0,0,0,0,0,0,0,0,0,0,0,0,0,0,0,0,0,0,0,0,0,0,0,0,0,0,0,0,0,0,0,0,0,0,0,0,0,0,0,3,*,*,*,0,0,0,0,3,*,*,*,2,*,*,*,0,0,0,0,0,0,0,0,3,*,*,*,11,6.5,7.5,0.5
Stephens,1,*,*,*,1,*,*,*,3,*,*,*,1,*,*,*,3,*,*,*,3,*,*,*,2,*,*,*,4,*,*,*,8,31.2,31.9,2.4,6,23.1,21.8,1.8,6,23,23.7,1.8,4,*,*,*,6,23.1,26.3,1.8,6,23.2,23.4,1.6,3,*,*,*,6,23.5,28.6,2,5,19.5,18.7,1.4,5,19.4,22.4,1.4,2,*,*,*,75,15.4,15.8,1.2
Stewart,0,0,0,0,0,0,0,0,1,*,*,*,1,*,*,*,0,0,0,0,0,0,0,0,0,0,0,0,0,0,0,0,1,*,*,*,0,0,0,0,1,*,*,*,0,0,0,0,0,0,0,0,0,0,0,0,0,0,0,0,0,0,0,0,1,*,*,*,2,*,*,*,0,0,0,0,7,6.5,6.2,0.5
Sumter,0,0,0,0,0,0,0,0,1,*,*,*,0,0,0,0,1,*,*,*,1,*,*,*,1,*,*,*,0,0,0,0,2,*,*,*,0,0,0,0,0,0,0,0,0,0,0,0,0,0,0,0,2,*,*,*,1,*,*,*,2,*,*,*,1,*,*,*,1,*,*,*,2,*,*,*,15,2.4,2.8,0.2
Talbot,0,0,0,0,1,*,*,*,0,0,0,0,1,*,*,*,1,*,*,*,0,0,0,0,0,0,0,0,0,0,0,0,0,0,0,0,1,*,*,*,0,0,0,0,1,*,*,*,1,*,*,*,0,0,0,0,0,0,0,0,0,0,0,0,1,*,*,*,0,0,0,0,0,0,0,0,7,5.5,6.1,0.5
Taliaferro,0,0,0,0,0,0,0,0,0,0,0,0,0,0,0,0,0,0,0,0,0,0,0,0,0,0,0,0,0,0,0,0,0,0,0,0,0,0,0,0,0,0,0,0,1,*,*,*,0,0,0,0,0,0,0,0,0,0,0,0,0,0,0,0,0,0,0,0,0,0,0,0,0,0,0,0,1,*,*,*
Tattnall,2,*,*,*,0,0,0,0,1,*,*,*,1,*,*,*,2,*,*,*,2,*,*,*,1,*,*,*,2,*,*,*,1,*,*,*,4,*,*,*,2,*,*,*,4,*,*,*,3,*,*,*,0,0,0,0,1,*,*,*,3,*,*,*,5,19.8,17.4,1.9,3,*,*,*,6,23.7,24.4,2.3,43,9.4,9.1,1
Taylor,0,0,0,0,2,*,*,*,0,0,0,0,0,0,0,0,1,*,*,*,0,0,0,0,2,*,*,*,1,*,*,*,1,*,*,*,0,0,0,0,0,0,0,0,0,0,0,0,1,*,*,*,0,0,0,0,3,*,*,*,2,*,*,*,0,0,0,0,0,0,0,0,2,*,*,*,15,9.1,9.5,0.8
Telfair,0,0,0,0,2,*,*,*,2,*,*,*,0,0,0,0,0,0,0,0,0,0,0,0,0,0,0,0,1,*,*,*,0,0,0,0,2,*,*,*,1,*,*,*,2,*,*,*,1,*,*,*,0,0,0,0,2,*,*,*,1,*,*,*,0,0,0,0,2,*,*,*,3,*,*,*,19,6.6,6.4,0.7
Terrell,0,0,0,0,0,0,0,0,0,0,0,0,0,0,0,0,0,0,0,0,0,0,0,0,1,*,*,*,0,0,0,0,1,*,*,*,0,0,0,0,0,0,0,0,0,0,0,0,0,0,0,0,0,0,0,0,0,0,0,0,0,0,0,0,0,0,0,0,0,0,0,0,0,0,0,0,2,*,*,*
Toombs,0,0,0,0,2,*,*,*,0,0,0,0,1,*,*,*,1,*,*,*,1,*,*,*,2,*,*,*,3,*,*,*,1,*,*,*,1,*,*,*,2,*,*,*,5,18.3,19.8,1.9,4,*,*,*,1,*,*,*,3,*,*,*,5,18.3,19.8,1.6,3,*,*,*,1,*,*,*,5,18.5,22.2,1.6,41,8,8.6,0.7
Towns,1,*,*,*,1,*,*,*,0,0,0,0,0,0,0,0,0,0,0,0,0,0,0,0,2,*,*,*,0,0,0,0,3,*,*,*,2,*,*,*,4,*,*,*,2,*,*,*,4,*,*,*,2,*,*,*,3,*,*,*,3,*,*,*,1,*,*,*,2,*,*,*,2,*,*,*,32,16.3,18.8,1.1
Treutlen,0,0,0,0,0,0,0,0,0,0,0,0,0,0,0,0,0,0,0,0,1,*,*,*,0,0,0,0,0,0,0,0,0,0,0,0,0,0,0,0,0,0,0,0,0,0,0,0,0,0,0,0,0,0,0,0,0,0,0,0,0,0,0,0,0,0,0,0,1,*,*,*,0,0,0,0,2,*,*,*
Turner,0,0,0,0,1,*,*,*,0,0,0,0,0,0,0,0,0,0,0,0,0,0,0,0,0,0,0,0,0,0,0,0,2,*,*,*,1,*,*,*,0,0,0,0,0,0,0,0,0,0,0,0,0,0,0,0,0,0,0,0,2,*,*,*,2,*,*,*,1,*,*,*,1,*,*,*,10,5.9,6.4,0.5
Twiggs,0,0,0,0,0,0,0,0,0,0,0,0,0,0,0,0,2,*,*,*,1,*,*,*,1,*,*,*,0,0,0,0,2,*,*,*,0,0,0,0,0,0,0,0,2,*,*,*,1,*,*,*,1,*,*,*,3,*,*,*,0,0,0,0,0,0,0,0,2,*,*,*,1,*,*,*,16,9,9.3,0.8
Union,1,*,*,*,1,*,*,*,1,*,*,*,1,*,*,*,1,*,*,*,1,*,*,*,1,*,*,*,5,24.4,17.9,1.8,1,*,*,*,3,*,*,*,0,0,0,0,3,*,*,*,3,*,*,*,4,*,*,*,4,*,*,*,2,*,*,*,4,*,*,*,4,*,*,*,3,*,*,*,43,11.1,12.5,0.9
Upson,0,0,0,0,0,0,0,0,2,*,*,*,1,*,*,*,2,*,*,*,2,*,*,*,1,*,*,*,3,*,*,*,5,18.2,17.9,1.6,2,*,*,*,4,*,*,*,1,*,*,*,3,*,*,*,7,26.3,26.7,2,7,26.3,28.8,1.8,5,19,18.6,1.4,2,*,*,*,2,*,*,*,3,*,*,*,52,10.1,10.5,0.8
Warren,0,0,0,0,1,*,*,*,0,0,0,0,0,0,0,0,1,*,*,*,1,*,*,*,1,*,*,*,0,0,0,0,2,*,*,*,0,0,0,0,0,0,0,0,0,0,0,0,0,0,0,0,1,*,*,*,1,*,*,*,0,0,0,0,0,0,0,0,0,0,0,0,0,0,0,0,8,7.1,6.1,0.5
Washington,1,*,*,*,2,*,*,*,0,0,0,0,4,*,*,*,1,*,*,*,0,0,0,0,1,*,*,*,3,*,*,*,1,*,*,*,0,0,0,0,2,*,*,*,2,*,*,*,2,*,*,*,0,0,0,0,1,*,*,*,2,*,*,*,2,*,*,*,3,*,*,*,0,0,0,0,27,6.8,7,0.6
Wayne,1,*,*,*,0,0,0,0,0,0,0,0,3,*,*,*,7,25.1,25,2.3,1,*,*,*,4,*,*,*,3,*,*,*,6,20.4,19.8,2,7,23.3,23.9,2.3,5,16.7,15.5,1.7,6,19.9,22,2,8,26.4,25.4,2.8,6,19.8,20.9,1.9,7,23.3,22.9,2.3,5,16.7,17.4,1.5,6,20.3,20.5,1.8,7,23.3,23.9,2,5,16.8,16.7,1.4,87,15.8,15.8,1.5
Webster,0,0,0,0,1,*,*,*,0,0,0,0,0,0,0,0,0,0,0,0,0,0,0,0,0,0,0,0,0,0,0,0,0,0,0,0,0,0,0,0,0,0,0,0,0,0,0,0,0,0,0,0,0,0,0,0,0,0,0,0,0,0,0,0,1,*,*,*,1,*,*,*,0,0,0,0,3,*,*,*
Wheeler,0,0,0,0,0,0,0,0,0,0,0,0,0,0,0,0,1,*,*,*,0,0,0,0,0,0,0,0,0,0,0,0,0,0,0,0,0,0,0,0,1,*,*,*,0,0,0,0,2,*,*,*,0,0,0,0,0,0,0,0,0,0,0,0,3,*,*,*,0,0,0,0,0,0,0,0,7,5.1,4.9,0.6
White,0,0,0,0,1,*,*,*,0,0,0,0,0,0,0,0,2,*,*,*,7,29.1,31.5,2.8,2,*,*,*,2,*,*,*,3,*,*,*,2,*,*,*,2,*,*,*,8,29.4,30.8,3,5,18.3,18.9,2,6,21.8,25.8,2.4,7,25.2,31.1,2.8,5,17.9,17.8,1.8,4,*,*,*,5,17.3,13,1.9,2,*,*,*,63,13,13.1,1.4
Wilcox,0,0,0,0,0,0,0,0,0,0,0,0,0,0,0,0,0,0,0,0,0,0,0,0,1,*,*,*,1,*,*,*,0,0,0,0,1,*,*,*,1,*,*,*,1,*,*,*,0,0,0,0,0,0,0,0,0,0,0,0,0,0,0,0,1,*,*,*,2,*,*,*,0,0,0,0,8,4.7,4.5,0.4
Wilkes,0,0,0,0,0,0,0,0,1,*,*,*,0,0,0,0,1,*,*,*,0,0,0,0,0,0,0,0,1,*,*,*,0,0,0,0,1,*,*,*,1,*,*,*,1,*,*,*,0,0,0,0,1,*,*,*,1,*,*,*,1,*,*,*,1,*,*,*,0,0,0,0,2,*,*,*,12,6.1,7,0.5
Wilkinson,1,*,*,*,0,0,0,0,2,*,*,*,3,*,*,*,1,*,*,*,1,*,*,*,1,*,*,*,1,*,*,*,2,*,*,*,1,*,*,*,0,0,0,0,0,0,0,0,0,0,0,0,0,0,0,0,0,0,0,0,1,*,*,*,1,*,*,*,0,0,0,0,1,*,*,*,16,8.7,9.2,0.8
Worth,0,0,0,0,0,0,0,0,0,0,0,0,1,*,*,*,1,*,*,*,0,0,0,0,2,*,*,*,1,*,*,*,2,*,*,*,0,0,0,0,3,*,*,*,0,0,0,0,0,0,0,0,0,0,0,0,0,0,0,0,2,*,*,*,4,*,*,*,6,28.9,32.3,2.5,1,*,*,*,23,5.6,6,0.6
Baldwin,0,0,0,0,1,*,*,*,1,*,*,*,3,*,*,*,1,*,*,*,5,10.9,11.4,1.4,3,*,*,*,2,*,*,*,1,*,*,*,5,10.4,10,1.2,8,17,16.3,1.9,1,*,*,*,1,*,*,*,1,*,*,*,4,*,*,*,5,10.9,10.7,1.2,2,*,*,*,0,0,0,0,4,*,*,*,48,5.5,5.6,0.6
Barrow,2,*,*,*,5,10.7,9.5,1.3,5,10.4,9.8,1.4,1,*,*,*,7,13.4,12.8,1.7,5,9.1,9.3,1.3,5,8.6,9,1.3,8,13,12.9,1.8,9,13.9,14.3,2.1,11,16.3,15.8,2.6,9,13.1,12.6,1.9,13,18.6,18.9,2.6,7,10,9.6,1.4,9,12.8,13.6,1.9,8,11.2,11.4,1.5,12,16.4,17.1,2.2,8,10.6,10.6,1.4,13,16.9,16.1,2.3,17,21.5,21.4,2.6,154,12.8,12.8,1.8
Bartow,2,*,*,*,9,11.7,11.4,1.4,12,15,14.9,2,12,14.4,14.2,1.8,4,*,*,*,14,15.9,16.6,2.1,7,7.7,8.5,1,9,9.7,9.6,1.3,8,8.4,7.8,1,16,16.3,16.6,2.2,10,10,9.8,1.3,22,22,21.8,2.8,17,16.9,16.8,2.2,16,15.9,15.5,1.9,13,12.8,13.7,1.5,17,16.7,17.4,2,19,18.5,18,2.3,21,20.2,19.5,2.3,25,23.8,25.8,2.9,253,14.2,14.2,1.8
Bibb,8,5.2,5.3,0.5,6,3.9,3.8,0.4,15,9.8,10.1,0.9,20,13,13.1,1.2,13,8.5,8.7,0.8,14,9.1,9.3,0.9,24,15.6,16.2,1.4,8,5.2,5.5,0.5,16,10.4,10.4,1,16,10.4,11,1,14,9,8.8,0.9,12,7.7,8,0.7,17,10.9,11.8,1.1,10,6.4,7.4,0.6,15,9.7,8.7,0.9,13,8.4,8.6,0.8,13,8.5,9.2,0.8,14,9.2,10.7,0.9,20,13.1,13.3,1.2,268,9.1,9.5,0.9
Bulloch,1,*,*,*,0,0,0,0,4,*,*,*,2,*,*,*,6,10.1,11.7,1.5,0,0,0,0,2,*,*,*,5,7.8,5.8,1.1,2,*,*,*,3,*,*,*,3,*,*,*,8,11.3,14.3,1.7,3,*,*,*,5,6.9,8.5,1,7,9.8,11,1.5,2,*,*,*,3,*,*,*,4,*,*,*,7,9.2,8.8,1.2,67,5.3,6.3,0.8
Camden,0,0,0,0,0,0,0,0,0,0,0,0,5,11,12.1,2.6,4,*,*,*,0,0,0,0,6,12.9,13,3.1,1,*,*,*,4,*,*,*,1,*,*,*,8,16,18,3.3,3,*,*,*,10,19.8,20.3,3.3,5,9.7,11.1,1.6,3,*,*,*,4,*,*,*,8,15.4,15.4,2.4,7,13.2,15.3,1.9,5,9.4,9.1,1.3,74,8,8.5,1.5
Carroll,4,*,*,*,3,*,*,*,11,12.1,12.5,1.4,12,12.8,13.4,1.5,10,10.3,10.1,1.3,16,16,16.3,2,13,12.7,13.3,1.5,17,16.1,15.8,2.1,23,21.1,21.5,2.8,29,26.3,26.7,3.5,28,25.4,26.8,3.2,19,17.2,17.1,2.1,25,22.5,23,2.7,15,13.4,13.7,1.6,15,13.4,13.9,1.5,19,16.7,17.1,1.9,18,15.7,15.4,1.7,28,24.1,25.4,2.6,32,27.2,27.5,2.9,337,16.8,17.3,2
Catoosa,2,*,*,*,1,*,*,*,4,*,*,*,2,*,*,*,7,12.1,12.3,1.5,13,22.1,20.9,2.5,2,*,*,*,2,*,*,*,1,*,*,*,16,25.3,25.6,2.8,9,14.1,13.9,1.7,12,18.8,19.4,2.7,9,13.9,13.5,1.8,17,26.1,25.4,3.2,9,13.8,13.6,1.6,14,21.3,22.2,2.5,11,16.7,16,1.6,24,36.1,35.5,3.3,24,36.1,40,3.5,179,15.3,15.3,1.8
Chatham,8,3.5,3.5,0.4,5,2.2,2.3,0.2,10,4.3,4.4,0.4,13,5.5,5.7,0.6,10,4.2,4.4,0.4,22,9.1,9.7,1,11,4.5,4.9,0.5,16,6.5,6.4,0.7,25,9.9,9.7,1.1,18,7.1,7.4,0.8,21,8,8.8,1,26,9.8,9.1,1.1,21,7.7,8.2,1,27,9.8,10.3,1.2,28,10.1,9.6,1.2,23,8.1,7.4,1,28,9.8,10.4,1.2,34,11.8,12.7,1.4,37,12.7,13.7,1.5,383,7.8,8,0.9
Cherokee,8,5.8,4.9,1,10,7,6.5,1.2,4,*,*,*,11,6.9,6.6,1.3,14,8.5,8,1.5,13,7.5,6.9,1.4,14,7.7,7.2,1.5,16,8.3,8.3,1.6,22,10.9,11.2,2.2,18,8.6,8.7,1.7,21,9.9,10.5,2,25,11.6,11.1,2.1,24,11,10.4,2,22,9.9,10.2,1.8,33,14.7,14.6,2.6,40,17.3,17.6,3,54,22.9,24.1,3.6,49,20.3,21,3.2,40,16.2,16.7,2.5,438,11.6,11.5,2.1
Clarke,4,*,*,*,2,*,*,*,3,*,*,*,3,*,*,*,7,6.6,9.4,1.1,9,8.2,9.8,1.5,6,5.5,7.3,0.9,5,4.5,5,0.9,6,5.3,6.1,1,8,6.9,8.7,1.3,9,7.7,8,1.4,4,*,*,*,15,12.8,15.1,2.3,11,9.1,9.9,1.7,11,9.1,10.9,1.5,10,8.3,9.4,1.4,11,8.9,9.2,1.5,17,13.6,13.2,2.3,12,9.4,9.2,1.6,153,7.1,7.9,1.2
Clayton,11,4.8,5.2,0.9,13,5.5,5.4,1,19,7.7,7.9,1.4,23,9.2,8.6,1.6,19,7.5,7.8,1.4,22,8.6,8.8,1.6,20,7.8,8.9,1.5,18,7,6.4,1.3,18,6.9,7.7,1.3,15,5.7,6.5,1.1,21,8.1,8.8,1.5,22,8.5,8.2,1.5,21,8,8.2,1.4,29,10.9,11,2,21,7.9,8.4,1.3,22,8.2,8.7,1.4,28,10.2,9.9,1.7,25,8.9,9,1.4,34,11.9,12,1.8,401,8.1,8.3,1.4
Cobb,28,4.8,4.6,0.9,31,5.1,4.6,1,36,5.8,5.4,1.1,31,4.9,4.5,1,41,6.5,6.2,1.2,46,7.2,6.7,1.4,36,5.6,5.3,1.1,56,8.5,8.3,1.7,44,6.6,6.2,1.3,59,8.7,8.6,1.7,75,11,10.4,2.1,61,8.8,8.4,1.7,73,10.5,10,2,83,11.7,11.3,2.3,101,14.1,13.3,2.6,115,15.7,15.1,2.8,104,14,13.4,2.5,124,16.6,16.1,2.9,142,18.8,18.1,3.3,"1,286",10,9.5,1.9
Coffee,1,*,*,*,2,*,*,*,3,*,*,*,3,*,*,*,1,*,*,*,2,*,*,*,3,*,*,*,1,*,*,*,5,12.1,12.6,1.5,4,*,*,*,5,11.9,11.8,1.5,7,16.5,16.7,2.1,10,23.3,24.6,2.5,3,*,*,*,4,*,*,*,7,16.4,16,1.7,6,13.9,15.4,1.5,7,16.3,15.2,1.6,10,23.2,22.7,2.4,84,10.8,10.9,1.2
Colquitt,0,0,0,0,2,*,*,*,3,*,*,*,2,*,*,*,3,*,*,*,0,0,0,0,4,*,*,*,2,*,*,*,1,*,*,*,6,13.4,14.6,1.5,4,*,*,*,4,*,*,*,7,15.3,18.5,1.4,3,*,*,*,8,17.3,18.6,1.7,4,*,*,*,3,*,*,*,1,*,*,*,3,*,*,*,60,7.1,7.7,0.7
Columbia,2,*,*,*,3,*,*,*,8,8.6,8.7,1.4,1,*,*,*,3,*,*,*,2,*,*,*,11,10.3,10.6,1.6,10,9,9.6,1.5,6,5.2,5.3,0.9,7,6,5.8,1,9,7.4,7.8,1.3,13,10.4,10.6,1.8,9,7,6.7,1.2,14,10.6,9.6,1.7,10,7.4,7.6,1.2,19,13.6,12.9,2.2,18,12.5,12.8,2.1,20,13.6,12.7,2.1,25,16.5,16.8,2.5,190,8.5,8.5,1.4
Coweta,5,5.8,5.4,0.8,7,7.8,7.3,1.1,1,*,*,*,6,6.2,6,0.9,4,*,*,*,11,10.6,11.1,1.6,15,13.8,13.6,2.1,8,7,7.1,1,11,9.3,8.9,1.4,11,9,9.7,1.4,20,15.9,16.6,2.6,7,5.5,4.9,0.8,14,10.8,10.5,1.6,16,12.2,12.5,1.9,11,8.3,8.5,1.1,13,9.6,10,1.3,13,9.4,9.3,1.3,17,12.1,12.1,1.6,23,16.1,16.2,2.2,213,9.5,9.5,1.4
DeKalb,24,3.7,3.5,0.6,24,3.6,3.9,0.6,32,4.8,4.6,0.8,44,6.6,6.4,1.1,34,5.1,4.9,0.8,34,5.1,5.1,0.8,29,4.3,4.2,0.7,34,5,4.9,0.8,43,6.3,6,1.1,43,6.3,6,1,43,6.2,6.1,1.1,42,6.1,5.6,1,49,7,6.6,1.2,48,6.8,6.2,1.1,39,5.5,5.4,0.9,58,8,7.8,1.3,73,9.9,9.4,1.6,73,9.9,9.4,1.6,79,10.5,10.2,1.7,845,6.4,6.2,1.1
Dougherty,2,*,*,*,5,5.2,5.5,0.6,4,*,*,*,4,*,*,*,3,*,*,*,2,*,*,*,5,5.3,5.8,0.6,4,*,*,*,7,7.4,8.1,0.8,10,10.6,12.2,1.2,7,7.4,8.2,0.8,1,*,*,*,5,5.3,5.2,0.6,12,12.7,14.1,1.3,5,5.4,4.9,0.6,1,*,*,*,5,5.5,5.6,0.5,9,10,10.1,1,6,6.7,7.4,0.7,97,5.4,5.8,0.6
Douglas,2,*,*,*,5,5.4,4.9,0.9,7,7.3,6.8,1.1,7,7.1,6.6,1,8,7.8,7.3,1.2,10,9.3,8.8,1.4,4,*,*,*,14,11.7,11.5,1.8,9,7.2,7.3,1.2,11,8.5,8.9,1.5,8,6.1,5.9,1,14,10.5,10.1,1.7,13,9.7,9.4,1.5,9,6.7,6.7,1.1,8,5.9,5.5,0.9,26,18.7,18.9,2.9,17,12.1,12.7,1.7,32,22.5,21.9,3.3,24,16.7,16,2.5,228,9.9,9.6,1.5
Effingham,0,0,0,0,0,0,0,0,4,*,*,*,2,*,*,*,1,*,*,*,4,*,*,*,4,*,*,*,4,*,*,*,2,*,*,*,3,*,*,*,4,*,*,*,5,9.5,10.1,1.4,7,13.3,12.4,2.1,3,*,*,*,7,12.9,12.8,1.8,3,*,*,*,2,*,*,*,5,8.5,8.6,1.1,12,20,19.9,2.4,72,7.7,7.7,1.1
Fayette,2,*,*,*,3,*,*,*,3,*,*,*,5,5.2,5,0.9,6,6.1,6,1,6,6,6.4,1,7,6.9,8.9,1.2,5,4.8,4.1,0.8,7,6.7,6,1.1,7,6.7,6.3,1.1,12,11.4,11.5,1.8,8,7.5,9.4,1.1,11,10.2,10.6,1.5,4,*,*,*,7,6.5,7.1,0.8,14,12.8,16.4,1.7,14,12.6,16.6,1.6,7,6.3,5.9,0.8,14,12.4,15.4,1.7,142,7.2,8,1.1
Floyd,7,7.8,8.1,0.7,12,13.2,13.5,1.2,9,9.9,10.1,1,11,11.9,12.4,1.1,4,*,*,*,7,7.4,8.2,0.7,18,19.1,19.6,1.9,15,15.8,16.7,1.5,17,17.8,17.7,1.7,14,14.6,14.3,1.4,7,7.3,8,0.7,21,21.8,21.2,2.2,17,17.7,18.2,1.7,15,15.6,17.5,1.5,16,16.7,15.2,1.6,10,10.4,10.7,1,12,12.4,13.8,1.1,16,16.6,16.2,1.5,12,12.3,12.9,1.1,240,13.3,13.7,1.3
Forsyth,4,*,*,*,5,5,4.7,0.9,6,5.5,5,1,6,5.2,5.4,0.9,5,4.1,4.2,0.8,8,6.2,7.1,1.3,5,3.6,4.1,0.8,7,4.8,5.1,0.9,17,10.8,12,2.5,17,10.2,11.9,2.2,14,8.1,8.3,1.7,18,10.2,10.4,2.2,29,15.9,16.3,3.3,15,8,8.1,1.6,24,12.3,12.6,2.5,32,15.7,15.7,3,36,16.9,18.8,3.1,22,10,10.6,1.9,31,13.6,14.3,2.7,301,9.8,10.2,2
Fulton,37,4.6,4.5,0.6,56,6.9,6.6,0.9,78,9.5,9.4,1.3,59,7.2,7,1,71,8.7,8.5,1.2,71,8.8,8.2,1.3,82,10,9.9,1.5,73,8.6,8.4,1.3,98,11.3,10.9,1.7,108,12.2,11.4,1.9,74,8.2,7.7,1.2,98,10.6,10.1,1.8,90,9.5,9.2,1.6,88,9,8.6,1.5,116,11.8,11.5,1.9,126,12.6,12.1,2,140,13.9,13,2.2,161,15.7,14.8,2.6,163,15.7,14.5,2.5,"1,789",10.5,10.1,1.6
Glynn,4,*,*,*,4,*,*,*,4,*,*,*,4,*,*,*,8,11.4,11.1,1,6,8.4,8.9,0.8,6,8.3,7.7,0.8,12,16,17.1,1.6,12,15.7,14.8,1.6,13,16.7,16.3,1.7,11,13.9,13.9,1.5,4,*,*,*,9,11.2,10.8,1.2,10,12.3,13.6,1.3,18,22.1,25,2.2,4,*,*,*,8,9.6,11.3,1,12,14.2,14.4,1.4,16,18.8,19.8,1.7,165,11.3,11.8,1.1
Gordon,6,13.8,13.8,1.7,3,*,*,*,2,*,*,*,6,12.8,12.3,1.5,8,16.6,15.6,2.2,7,14.2,14.6,1.7,1,*,*,*,4,*,*,*,2,*,*,*,7,12.8,13,1.5,11,20,19.4,2.3,6,10.9,10.7,1.3,11,19.8,20.3,2.3,6,10.8,10.4,1.3,6,10.8,10.5,1.3,7,12.5,12.6,1.4,3,*,*,*,10,17.6,19.6,1.9,9,15.8,15,1.7,115,11.6,11.5,1.3
Gwinnett,11,1.9,2,0.5,25,4.2,4,1.1,29,4.7,4.6,1.1,23,3.6,3.2,0.9,29,4.4,4.4,1.1,28,4.1,3.8,1,29,4.1,3.8,1,39,5.3,5.3,1.3,37,4.8,4.5,1.2,45,5.8,5.6,1.4,47,5.9,5.7,1.5,61,7.5,7.5,1.8,47,5.7,5.4,1.4,49,5.8,5.7,1.4,61,7.1,7.1,1.6,56,6.4,6.6,1.4,97,10.8,10.8,2.3,80,8.8,8.7,1.9,94,10.2,10.3,2.2,887,6.1,6,1.4
Habersham,2,*,*,*,4,*,*,*,1,*,*,*,2,*,*,*,2,*,*,*,2,*,*,*,5,12.8,13.2,1.5,3,*,*,*,6,14.3,15.5,1.8,5,11.8,12.8,1.5,7,16.3,18.2,1.8,10,23.2,24.7,2.5,0,0,0,0,5,11.5,10.5,1.2,4,*,*,*,1,*,*,*,2,*,*,*,8,18.1,15.6,1.7,4,*,*,*,73,9.4,9.6,1
Hall,4,*,*,*,5,3.5,3.6,0.5,5,3.4,3.6,0.5,11,7.3,7.6,1,9,5.9,6.1,0.8,19,12.1,11.8,1.8,11,6.8,7,1,20,12,11.8,1.8,19,11,11.9,1.6,17,9.6,10,1.5,21,11.8,12,1.8,23,12.8,13.2,2,27,14.7,15.7,2.3,21,11.3,11.7,1.6,24,12.8,12.7,1.9,24,12.6,12.8,1.6,22,11.4,12.3,1.5,30,15.3,15,2,34,17.1,17.1,2.2,346,10.6,10.9,1.5
Henry,4,*,*,*,6,4.9,4.4,0.8,7,5.3,5,1,8,5.7,5.2,1,8,5.3,5.3,0.9,10,6.3,5.7,1.2,8,4.7,4.4,0.9,19,10.5,10.1,1.9,12,6.4,5.9,1.2,22,11.3,12.4,2,31,15.5,14.9,2.8,27,13.2,12.5,2.4,32,15.4,15.4,2.6,20,9.6,9.5,1.5,25,11.8,11.4,1.9,28,13.1,12.8,2.1,27,12.4,12.5,1.8,37,16.7,16.2,2.6,28,12.4,12.7,1.8,359,10.4,10.2,1.7
Houston,1,*,*,*,3,*,*,*,6,5.3,5.6,0.7,7,6,5.8,0.8,10,8.4,9.1,1.2,5,4,4.5,0.6,3,*,*,*,6,4.7,4.5,0.7,7,5.3,5.2,0.8,11,8.2,8.2,1.2,9,6.5,6.6,0.9,17,12.1,12,1.7,11,7.6,7.6,1.1,9,6.2,6.5,0.9,13,8.8,8.6,1.2,11,7.4,7,1,15,10,9.9,1.3,15,9.9,9.1,1.2,27,17.6,17,2.2,186,7.3,7.3,1
Jackson,1,*,*,*,2,*,*,*,3,*,*,*,5,11.1,11.4,1.4,10,21.6,21,2.2,14,29,28.8,3.1,3,*,*,*,10,18.5,18.4,2.3,8,13.9,14,1.7,11,18.5,18.4,2.2,14,23.3,23.5,3.1,12,19.8,19.3,2.4,9,14.7,14.9,1.8,11,18.2,18.8,2,10,16.4,16.2,1.8,8,12.9,12.5,1.6,16,25.3,24.8,2.6,11,17,16.6,1.8,12,17.8,17.3,2,170,16.2,16.2,1.9
Laurens,5,11.2,11.4,1.1,3,*,*,*,1,*,*,*,6,13.1,14,1.2,10,21.6,21.6,2,4,*,*,*,9,19.3,20.1,1.9,3,*,*,*,6,12.6,13.1,1.1,6,12.5,12.4,1.2,7,14.4,14.8,1.4,2,*,*,*,9,18.8,21.4,1.8,5,10.4,10.9,0.9,4,*,*,*,3,*,*,*,5,10.5,12.1,1,6,12.6,14.6,1.1,6,12.7,12.6,1,100,11.2,11.7,1
Liberty,1,*,*,*,1,*,*,*,2,*,*,*,2,*,*,*,1,*,*,*,6,9.5,9.7,2.1,4,*,*,*,5,7.9,7.4,1.5,4,*,*,*,4,*,*,*,6,8.9,8.3,1.9,4,*,*,*,2,*,*,*,5,7.6,7.6,1.6,6,9.4,12.1,2.1,5,7.7,11.2,1.5,5,8,8.6,1.4,4,*,*,*,7,11.4,14.4,1.9,74,6.2,6.8,1.3
Lowndes,1,*,*,*,1,*,*,*,2,*,*,*,5,5.3,5.8,0.7,5,5.3,5.7,0.7,8,8.3,9.1,1.1,2,*,*,*,3,*,*,*,3,*,*,*,3,*,*,*,6,5.6,5.4,0.7,6,5.5,5.2,0.8,6,5.4,6.2,0.8,7,6.1,6.5,0.9,5,4.4,5,0.6,6,5.3,6,0.7,6,5.3,5.4,0.7,11,9.6,10.3,1.2,5,4.3,5,0.6,91,4.6,5,0.6
Murray,0,0,0,0,2,*,*,*,5,13.3,13.5,2,5,13.1,12.7,1.9,4,*,*,*,4,*,*,*,5,12.6,12.3,1.7,7,17.4,16.9,2.3,10,24.9,24.6,3.1,10,25.1,25.2,3.2,7,17.5,17.7,2.1,9,22.8,21.8,3,18,45.5,47.4,5,10,25.4,25.1,2.9,11,28,28,2.8,11,27.9,28.7,3.1,9,22.7,22.6,2.6,5,12.7,9.5,1.2,8,20.1,21.6,2.1,140,18.9,18.6,2.3
Muscogee,5,2.7,3,0.3,9,4.8,5,0.5,8,4.3,4.7,0.5,11,5.9,6.3,0.6,15,8.3,8.7,0.8,7,3.8,4.2,0.4,4,*,*,*,6,3.2,3.2,0.3,9,4.9,5.2,0.5,12,6.5,6.7,0.7,18,9.5,9.8,1,24,12.6,12.9,1.4,19,9.8,9.5,1.1,18,9.1,8.8,1,14,6.9,7.6,0.8,22,11,11.8,1.2,14,7,7.1,0.8,16,8.1,8.4,0.8,25,12.9,13.6,1.3,256,7.1,7.4,0.7
Newton,1,*,*,*,1,*,*,*,7,10.5,11,1.2,2,*,*,*,6,7.9,8.3,1.1,6,7.4,7.2,1.1,8,9.3,9.5,1.3,9,9.9,9.7,1.4,12,12.5,12.4,1.9,3,*,*,*,14,14.1,14.2,2.1,7,7,7.1,1,15,14.9,15,2,9,8.9,9.5,1.2,11,10.7,11.3,1.3,9,8.7,9.3,1.1,11,10.4,10.4,1.3,14,13.1,13.6,1.7,16,14.8,13.8,1.7,161,9.4,9.5,1.3
Paulding,5,6.4,5.8,1.3,5,6,8.2,1.1,4,*,*,*,5,5.3,5.5,1.1,7,7,7.8,1.3,13,12.2,13.3,2.2,12,10.6,10.9,2.1,19,15.5,14.8,3,20,15.2,14.5,2.9,19,13.9,13.2,2.8,24,17.1,17,3.2,34,23.8,22.5,4.9,23,16,15.3,3.2,26,18,17.5,3.3,16,10.9,10.5,2,31,20.8,21,3.5,26,17.1,17.5,2.9,30,19.3,19.2,3.3,25,15.7,15.5,2.4,344,14.4,14.1,2.7
Polk,2,*,*,*,4,*,*,*,2,*,*,*,4,*,*,*,5,12.7,13.3,1,9,22.7,25.1,1.8,4,*,*,*,7,17.3,18.4,1.5,5,12.3,11.7,1.1,7,16.9,17.2,1.6,6,14.5,15.4,1.3,11,26.5,28.1,2.6,9,21.8,19.7,1.9,7,17,16.5,1.6,6,14.6,16.7,1.3,6,14.6,14.2,1.3,7,16.9,20.4,1.5,8,19.1,17.7,1.6,9,21.4,22.3,1.8,118,15.4,15.9,1.4
Richmond,6,3,3.1,0.3,7,3.5,3.6,0.4,7,3.5,3.4,0.4,16,8.1,8.2,0.8,16,8.1,8.2,0.8,15,7.6,7.6,0.8,9,4.6,4.4,0.5,23,11.7,13.1,1.2,16,8.1,8.6,0.9,22,11.1,10.9,1.2,23,11.6,11.6,1.3,34,16.9,17.4,1.8,23,11.4,10.7,1.3,30,14.8,15.9,1.6,19,9.4,10.2,1,26,12.9,13.8,1.4,45,22.3,22.7,2.2,47,23.3,21.4,2.4,52,25.8,26.8,2.6,436,11.5,11.8,1.2
Rockdale,1,*,*,*,7,9.9,9.9,1.4,3,*,*,*,6,8.2,7.8,1.1,13,17.4,16.4,2.6,4,*,*,*,6,7.7,7.9,1.1,11,13.8,12.6,2,10,12.2,12.4,1.7,8,9.6,9.8,1.5,8,9.5,9.7,1.4,9,10.5,10.4,1.6,11,12.8,12.8,2,12,14,15.3,1.9,11,12.7,13.5,1.6,12,13.7,14.7,1.9,11,12.4,12.3,1.7,16,17.9,16.9,2.3,12,13.3,12.7,1.7,171,11.1,11,1.6
Spalding,1,*,*,*,2,*,*,*,8,13.6,13.8,1.3,2,*,*,*,4,*,*,*,11,18.2,18.9,1.9,3,*,*,*,7,11.3,11.1,1.2,8,12.8,13.6,1.2,9,14.1,13.7,1.4,11,17.2,16.1,1.7,6,9.4,9.2,0.9,7,10.9,12.1,1,16,25.1,26.4,2.4,8,12.5,12.1,1.1,9,14.1,14.6,1.2,13,20.3,18.6,1.8,10,15.4,16.4,1.3,10,15.3,15.7,1.3,145,12.2,12.4,1.2
Thomas,1,*,*,*,1,*,*,*,4,*,*,*,0,0,0,0,1,*,*,*,2,*,*,*,0,0,0,0,1,*,*,*,1,*,*,*,1,*,*,*,4,*,*,*,1,*,*,*,1,*,*,*,1,*,*,*,2,*,*,*,4,*,*,*,1,*,*,*,3,*,*,*,4,*,*,*,33,3.9,4.3,0.4
Tift,0,0,0,0,1,*,*,*,0,0,0,0,0,0,0,0,0,0,0,0,2,*,*,*,1,*,*,*,2,*,*,*,0,0,0,0,0,0,0,0,0,0,0,0,2,*,*,*,2,*,*,*,1,*,*,*,2,*,*,*,1,*,*,*,6,14.7,15.5,1.6,6,14.7,14.2,1.5,3,*,*,*,29,3.8,3.9,0.4
Troup,0,0,0,0,2,*,*,*,2,*,*,*,4,*,*,*,4,*,*,*,4,*,*,*,2,*,*,*,4,*,*,*,6,9.2,10,1,2,*,*,*,7,10.5,10.9,1.1,6,8.9,8.9,1,14,20.7,22.2,2.2,9,13.1,13.3,1.5,7,10.1,9.6,1,11,15.8,15.3,1.8,12,17.2,17.3,1.7,10,14.3,15.3,1.4,12,17.2,18.6,1.7,118,9.5,9.8,1
Walker,3,*,*,*,2,*,*,*,2,*,*,*,4,*,*,*,7,11,11.9,1,6,9.3,9.5,0.9,13,20,21.7,1.9,4,*,*,*,8,11.9,12.8,1.2,7,10.3,11.6,1,10,14.6,14,1.6,9,13.1,14.5,1.5,11,16,16.9,1.6,9,13.2,15.1,1.3,8,11.7,13.4,1,9,13.2,13.8,1.2,8,11.8,13.1,1,10,14.7,15.5,1.2,14,20.3,22.9,1.7,144,11.5,12.2,1.1
Walton,2,*,*,*,0,0,0,0,6,9.4,9.3,1.2,7,10.6,10.2,1.4,6,8.8,8.4,1.1,3,*,*,*,5,6.8,6.9,0.8,6,7.8,8.1,1,8,9.9,10,1.4,10,12.1,12.6,1.5,5,6,6.5,0.7,11,13.1,12.3,1.5,6,7.1,6.8,0.8,15,17.7,17.4,2,16,18.7,17.9,2.2,14,16,15.2,1.9,19,21.5,22.7,2.3,16,17.7,18,1.9,15,16.4,16.4,1.9,170,11.5,11.4,1.4
Ware,1,*,*,*,0,0,0,0,1,*,*,*,2,*,*,*,3,*,*,*,3,*,*,*,1,*,*,*,2,*,*,*,0,0,0,0,10,27.7,28.3,2.4,10,27.8,28.9,2.5,1,*,*,*,9,24.7,22.3,2.1,2,*,*,*,2,*,*,*,16,45.1,47.6,3.7,3,*,*,*,4,*,*,*,4,*,*,*,74,10.9,11.2,0.9
Whitfield,3,*,*,*,3,*,*,*,6,6.9,6.9,0.9,7,8,8.2,1,4,*,*,*,9,9.8,9.8,1.3,4,*,*,*,3,*,*,*,3,*,*,*,18,17.9,18.4,2.4,11,10.9,11.4,1.6,13,12.6,13.4,1.8,13,12.6,13.1,1.8,14,13.5,14.2,1.7,14,13.6,13.4,1.8,9,8.7,9.7,1.1,12,11.5,11.9,1.4,8,7.6,8.2,1,16,15.3,16.2,1.9,170,9.2,9.6,1.2
County_Summary,274,3.4,3.4,0.4,383,4.7,4.6,0.6,492,5.9,5.8,0.8,557,6.5,6.5,0.9,582,6.7,6.7,0.9,648,7.4,7.3,1,622,7,6.9,1,705,7.7,7.6,1.1,819,8.8,8.6,1.2,908,9.6,9.4,1.3,962,10,9.9,1.4,"1,014",10.4,10.3,1.5,"1,030",10.5,10.4,1.5,986,9.9,9.9,1.4,"1,067",10.7,10.5,1.4,"1,158",11.5,11.4,1.5,"1,255",12.3,12.2,1.6,"1,371",13.3,13.1,1.7,"1,529",14.7,14.6,1.8,"16,362",9.2,9.1,1.2
